City_ID,City,Country,Lat,Lng,Max Temp,Humidity,Cloudiness,Wind Speed,Current Description
0,New Norfolk,AU,-42.7826,147.0587,62.1,69,94,2.37,overcast clouds
1,Labuan,MY,5.2767,115.2417,78.96,88,100,8.12,overcast clouds
2,Rikitea,PF,-23.1203,-134.9692,78.51,71,74,12.59,light rain
3,Shingu,JP,33.7333,135.9833,45.91,85,100,6.4,overcast clouds
4,Bhimunipatnam,IN,17.8833,83.4333,67.51,63,7,5.35,clear sky
5,Bredasdorp,ZA,-34.5322,20.0403,65.28,80,96,14.76,overcast clouds
6,Tchaourou,BJ,8.8865,2.5975,85.44,35,67,3.91,broken clouds
7,Mega,ET,4.05,38.3,64.38,32,50,6.49,scattered clouds
8,Port Hardy,CA,50.6996,-127.4199,49.75,65,100,5.79,overcast clouds
9,Margate,GB,51.3813,1.3862,49.96,88,100,11.01,light rain
10,Voh,NC,-20.9667,164.7,83.37,73,100,3.74,overcast clouds
11,Carnarvon,AU,-24.8667,113.6333,75.27,88,3,0.0,clear sky
12,Vaini,TO,-21.2,-175.2,80.71,75,88,19.06,overcast clouds
13,Kaitangata,NZ,-46.2817,169.8464,60.93,64,8,0.2,clear sky
14,Moyo,UG,3.6609,31.7247,77.49,33,100,2.91,overcast clouds
15,Beringovskiy,RU,63.05,179.3167,-24.93,96,16,7.09,few clouds
16,Albany,US,42.6001,-73.9662,25.09,52,100,3.0,overcast clouds
17,Ukiah,US,39.1502,-123.2078,79.12,26,0,4.61,clear sky
18,Palimbang,PH,6.2106,124.1894,76.6,80,100,4.05,overcast clouds
19,Ushuaia,AR,-54.8,-68.3,38.86,87,75,28.77,broken clouds
20,Avarua,CK,-21.2078,-159.775,80.65,78,75,2.3,light rain
21,Butaritari,KI,3.0707,172.7902,81.55,77,60,12.77,light rain
22,Cape Town,ZA,-33.9258,18.4232,68.34,83,8,7.0,clear sky
23,Cidreira,BR,-30.1811,-50.2056,69.21,93,100,1.88,overcast clouds
24,Bathsheba,BB,13.2167,-59.5167,79.41,69,20,17.27,few clouds
25,Hithadhoo,MV,-0.6,73.0833,82.22,72,83,11.03,broken clouds
26,Gat,IL,31.61,34.7642,56.39,81,11,2.48,few clouds
27,Punta Arenas,CL,-53.15,-70.9167,48.31,46,20,34.52,few clouds
28,Tongchuan,CN,35.0806,109.0897,31.87,68,17,5.48,few clouds
29,Yuci,CN,37.6803,112.7319,22.75,36,0,6.71,clear sky
30,Hargeysa,SO,9.56,44.065,60.26,72,90,7.81,overcast clouds
31,Pangkalanbuun,ID,-2.6833,111.6167,74.26,96,100,1.72,overcast clouds
32,Nalut,LY,30.3333,10.85,53.83,28,22,12.15,few clouds
33,Arraial Do Cabo,BR,-22.9661,-42.0278,76.86,88,20,16.11,few clouds
34,Visnes,NO,59.3556,5.2242,43.57,93,75,12.66,light rain
35,Jamestown,US,42.097,-79.2353,20.52,39,100,6.91,overcast clouds
36,Chokurdakh,RU,70.6333,147.9167,-6.77,93,100,9.31,overcast clouds
37,Manali,IN,13.1667,80.2667,79.07,80,7,6.91,clear sky
38,Torbay,CA,47.6666,-52.7314,37.58,70,98,1.99,overcast clouds
39,Guerrero Negro,MX,27.9769,-114.0611,82.27,18,15,6.87,few clouds
40,Glendive,US,47.1053,-104.7125,48.83,38,0,24.16,clear sky
41,Puerto Ayora,EC,-0.7393,-90.3518,82.36,89,90,1.01,overcast clouds
42,Upernavik,GL,72.7868,-56.1549,-5.93,97,100,13.91,overcast clouds
43,Noshiro,JP,40.2039,140.0242,25.74,82,52,4.56,broken clouds
44,Kazanskaya,RU,45.4106,40.4361,31.89,73,0,8.68,clear sky
45,Castro,BR,-24.7911,-50.0119,66.65,92,35,5.44,scattered clouds
46,Valparaiso,CL,-33.0393,-71.6273,69.44,71,20,11.5,few clouds
47,Saint George,US,37.1041,-113.5841,72.07,14,0,1.99,clear sky
48,Longyan,CN,25.1072,117.0225,50.72,96,100,4.05,overcast clouds
49,Wagrowiec,PL,52.8084,17.1996,36.32,74,20,12.66,few clouds
50,Veraval,IN,20.9,70.3667,66.52,56,1,12.66,clear sky
51,Aitape,PG,-3.1374,142.3475,78.51,86,100,3.22,overcast clouds
52,Sitka,US,57.0531,-135.33,42.69,75,100,6.91,light rain
53,Thompson,CA,55.7435,-97.8558,-1.3,88,100,5.73,overcast clouds
54,Madimba,TZ,-10.4,40.3333,77.92,90,61,5.03,broken clouds
55,Victoria,HK,22.2855,114.1577,61.95,85,100,10.0,overcast clouds
56,Garango,BF,11.8,-0.5506,80.51,11,7,9.6,clear sky
57,San Patricio,US,28.017,-97.5169,66.61,22,19,5.73,few clouds
58,Port Alfred,ZA,-33.5906,26.891,71.4,86,87,11.18,overcast clouds
59,Khatanga,RU,71.9667,102.5,-25.62,96,74,3.15,broken clouds
60,Ahipara,NZ,-35.1667,173.1667,67.37,60,87,9.13,overcast clouds
61,Esperance,AU,-33.8667,121.9,62.29,73,26,9.89,scattered clouds
62,Ponta Do Sol,PT,32.6667,-17.1,64.06,57,97,2.48,overcast clouds
63,Busselton,AU,-33.65,115.3333,62.04,77,0,11.72,clear sky
64,Namatanai,PG,-3.6667,152.4333,81.27,76,100,4.7,overcast clouds
65,Grindavik,IS,63.8424,-22.4338,27.07,86,0,6.91,clear sky
66,Tura,IN,25.5198,90.2201,53.65,72,0,4.7,clear sky
67,Saskylakh,RU,71.9167,114.0833,-17.57,88,41,3.0,scattered clouds
68,Hobart,AU,-42.8794,147.3294,62.46,77,100,10.36,overcast clouds
69,Qaanaaq,GL,77.484,-69.3632,-6.95,83,99,4.52,overcast clouds
70,Brae,GB,60.3964,-1.353,40.91,87,97,14.56,overcast clouds
71,Suntar,RU,62.1444,117.6319,-16.89,100,100,1.41,overcast clouds
72,Tasiilaq,GL,65.6145,-37.6368,21.36,82,100,12.93,overcast clouds
73,Kapaa,US,22.0752,-159.319,79.12,63,75,13.8,broken clouds
74,Bluff,NZ,-46.6,168.3333,59.81,71,18,2.98,few clouds
75,Lavrentiya,RU,65.5833,-171.0,-20.25,93,30,2.73,scattered clouds
76,Ribeira Grande,PT,38.5167,-28.7,58.35,69,99,9.64,overcast clouds
77,Lebu,CL,-37.6167,-73.65,63.73,77,72,8.59,broken clouds
78,Xilopolis,GR,40.9271,23.1794,41.2,79,64,0.2,broken clouds
79,Port Elizabeth,ZA,-33.918,25.5701,69.48,82,54,9.89,broken clouds
80,Yellowknife,CA,62.456,-114.3525,-10.59,68,86,4.0,overcast clouds
81,Nurota,UZ,40.5614,65.6886,30.29,62,71,8.59,broken clouds
82,Tuktoyaktuk,CA,69.4541,-133.0374,-30.64,99,73,4.36,broken clouds
83,Alikalia,SL,9.1667,-11.4,73.72,28,12,1.28,few clouds
84,Kananga,CD,-5.8958,22.4178,68.23,95,100,3.71,overcast clouds
85,Tisovec,SK,48.6774,19.9436,33.67,85,93,1.19,overcast clouds
86,East London,ZA,-33.0153,27.9116,72.91,83,83,10.13,broken clouds
87,Mataura,NZ,-46.1927,168.8643,59.49,62,26,2.35,scattered clouds
88,Flinders,AU,-34.5833,150.8552,69.19,81,100,5.99,overcast clouds
89,Hobyo,SO,5.3505,48.5268,77.9,72,89,16.24,overcast clouds
90,Meulaboh,ID,4.1363,96.1285,76.26,89,94,5.23,overcast clouds
91,Saint-Philippe,RE,-21.3585,55.7679,78.39,88,40,11.01,scattered clouds
92,Hambantota,LK,6.1241,81.1185,73.74,100,40,2.3,scattered clouds
93,Kupino,RU,54.3663,77.2981,6.96,94,100,12.12,overcast clouds
94,Port Blair,IN,11.6667,92.75,73.44,73,20,2.3,mist
95,Luxor,EG,25.6989,32.6421,59.25,25,0,5.77,clear sky
96,Tuatapere,NZ,-46.1333,167.6833,59.83,56,33,2.13,scattered clouds
97,Monte Alegre,BR,-2.0078,-54.0692,79.47,76,80,5.55,broken clouds
98,Kruisfontein,ZA,-34.0033,24.7314,65.32,84,23,6.78,few clouds
99,Nikolskoye,RU,59.7035,30.7861,33.71,89,100,12.71,overcast clouds
100,Rio Do Sul,BR,-27.2142,-49.6431,71.64,88,85,3.02,overcast clouds
101,Clearwater,US,27.9659,-82.8001,69.76,75,40,21.99,scattered clouds
102,Leningradskiy,RU,69.3833,178.4167,-17.23,92,94,6.17,overcast clouds
103,Dikson,RU,73.5069,80.5464,-4.67,87,100,24.74,overcast clouds
104,Havre-Saint-Pierre,CA,50.2334,-63.5986,2.05,73,9,9.28,clear sky
105,Lompoc,US,34.6391,-120.4579,84.34,36,0,12.66,clear sky
106,Airai,TL,-8.9266,125.4092,58.37,90,37,2.3,scattered clouds
107,Los Llanos De Aridane,ES,28.6585,-17.9182,60.55,72,0,8.99,clear sky
108,Rio Cuarto,AR,-33.1307,-64.3499,76.77,33,0,14.97,clear sky
109,Santiago Del Estero,AR,-27.7951,-64.2615,83.68,24,0,6.71,clear sky
110,Hilo,US,19.7297,-155.09,78.53,70,40,8.05,scattered clouds
111,Hermanus,ZA,-34.4187,19.2345,65.8,83,58,18.05,broken clouds
112,Vestmannaeyjar,IS,63.4427,-20.2734,33.8,74,99,29.39,overcast clouds
113,Muravlenko,RU,63.7898,74.523,-16.35,100,98,8.68,overcast clouds
114,Kingman,US,35.1894,-114.053,73.65,6,0,8.05,clear sky
115,Dordrecht,NL,51.81,4.6736,53.53,71,100,7.0,overcast clouds
116,Nizwa,OM,22.9333,57.5333,61.63,65,0,3.27,clear sky
117,Tukums,LV,56.9669,23.1553,34.95,76,99,13.13,overcast clouds
118,Boyolangu,ID,-8.1181,111.8935,74.35,93,100,2.89,overcast clouds
119,Pyay,MM,18.8167,95.2167,61.77,39,76,6.35,broken clouds
120,Flin Flon,CA,54.7682,-101.865,9.41,85,100,9.08,overcast clouds
121,Luderitz,NA,-26.6481,15.1594,72.81,65,0,10.83,clear sky
122,Antofagasta,CL,-23.65,-70.4,73.22,62,85,9.28,overcast clouds
123,Atuona,PF,-9.8,-139.0333,77.97,78,22,12.91,light rain
124,Soria,ES,41.6667,-2.6667,42.01,100,100,14.07,overcast clouds
125,La Ronge,CA,55.1001,-105.2842,13.14,85,100,8.21,overcast clouds
126,Launceston,AU,-41.45,147.1667,64.15,84,86,5.75,overcast clouds
127,Visim,RU,57.6488,59.5014,12.15,97,98,1.99,overcast clouds
128,Cabo San Lucas,MX,22.8909,-109.9124,83.61,49,40,13.8,scattered clouds
129,Carutapera,BR,-1.195,-46.02,76.59,92,100,6.04,light rain
130,San Cristobal,VE,7.7669,-72.225,78.98,43,95,1.3,overcast clouds
131,Chuy,UY,-33.6971,-53.4616,66.72,50,1,10.09,clear sky
132,Sur,OM,22.5667,59.5289,71.55,70,0,11.48,clear sky
133,Terney,RU,45.0503,136.6092,10.71,80,33,10.76,scattered clouds
134,Alexandria,EG,31.2156,29.9553,56.44,68,1,9.33,clear sky
135,Kupang,ID,-10.1667,123.5833,76.82,84,59,4.12,broken clouds
136,Rawson,AR,-43.3002,-65.1023,85.33,22,0,23.44,clear sky
137,Lodwar,KE,3.1191,35.5973,85.96,29,41,7.83,scattered clouds
138,Tocopilla,CL,-22.092,-70.1979,72.0,66,87,7.61,overcast clouds
139,Am Timan,TD,11.0297,20.2827,79.48,14,97,7.25,overcast clouds
140,Kawalu,ID,-7.3817,108.2082,72.07,95,100,1.63,overcast clouds
141,Kahului,US,20.8947,-156.47,80.62,67,20,17.27,few clouds
142,Talnakh,RU,69.4865,88.3972,-7.24,69,15,8.88,few clouds
143,Nabire,ID,-3.3667,135.4833,75.96,91,100,3.09,overcast clouds
144,Clyde River,CA,70.4692,-68.5914,-18.17,69,100,20.71,haze
145,Olinda,BR,-8.0089,-34.8553,81.59,73,2,12.08,clear sky
146,Nouadhibou,MR,20.931,-17.0347,65.17,76,100,22.32,overcast clouds
147,Barrow,US,71.2906,-156.7887,-27.38,68,40,9.22,scattered clouds
148,Moron,AR,-34.6534,-58.6198,79.02,35,0,7.94,clear sky
149,Manzhouli,CN,49.6,117.4333,-20.42,99,53,5.03,broken clouds
150,Bethel,US,41.3712,-73.414,29.68,67,100,8.05,overcast clouds
151,Podor,MR,16.6527,-14.9587,74.75,15,96,10.94,overcast clouds
152,Cabra,ES,37.4725,-4.4421,57.13,76,100,4.94,overcast clouds
153,Aklavik,CA,68.2191,-135.0107,-18.33,96,100,6.35,light snow
154,Vardo,NO,70.3705,31.1107,22.98,100,100,29.93,snow
155,Ankazoabo,MG,-22.2833,44.5167,75.38,69,4,2.98,clear sky
156,Vila Franca Do Campo,PT,37.7167,-25.4333,60.19,74,8,5.12,clear sky
157,Fukumitsu,JP,36.55,136.8667,40.21,58,100,8.99,overcast clouds
158,Cayenne,GF,4.9333,-52.3333,80.1,86,75,2.3,broken clouds
159,Belaya Gora,RU,68.5333,146.4167,-21.06,96,92,5.61,overcast clouds
160,Chernyshevskiy,RU,63.0128,112.4714,-24.65,100,72,1.68,broken clouds
161,Marzuq,YE,14.4,46.4667,57.74,47,3,3.44,clear sky
162,Sistranda,NO,63.7256,8.834,35.91,68,100,23.67,overcast clouds
163,Georgetown,MY,5.4112,100.3354,79.9,86,20,6.91,thunderstorm
164,Hirara,JP,24.8,125.2833,64.67,94,75,17.27,broken clouds
165,Sinaloa,MX,25.0,-107.5,92.1,12,100,3.0,overcast clouds
166,Murray Bridge,AU,-35.1167,139.2667,76.48,66,1,7.85,clear sky
167,Haines Junction,CA,60.7522,-137.5108,19.67,93,100,0.16,overcast clouds
168,Zhigansk,RU,66.7697,123.3711,-37.1,100,55,1.68,broken clouds
169,Port Macquarie,AU,-31.4333,152.9167,68.9,69,63,2.77,broken clouds
170,Panzhihua,CN,26.5851,101.7128,43.81,63,0,1.39,clear sky
171,Mount Gambier,AU,-37.8333,140.7667,64.31,77,75,12.66,broken clouds
172,Tiksi,RU,71.6872,128.8694,-12.62,93,10,11.86,clear sky
173,Souillac,MU,-20.5167,57.5167,81.36,94,75,11.5,broken clouds
174,Dyshne-Vedeno,RU,42.9643,46.1158,24.93,84,44,4.25,scattered clouds
175,Salvador,SV,13.8333,-88.9167,89.64,27,47,10.51,scattered clouds
176,Bukama,CD,-9.2,25.85,68.77,98,100,2.19,moderate rain
177,Provideniya,RU,64.3833,-173.3,-5.69,65,0,6.71,clear sky
178,Kirakira,SB,-10.4544,161.9205,80.4,85,99,10.69,overcast clouds
179,Quatre Cocos,MU,-20.2078,57.7625,81.09,83,84,14.12,light rain
180,Lakes Entrance,AU,-37.8811,147.981,79.16,58,84,3.51,broken clouds
181,Takoradi,GH,4.8845,-1.7554,78.71,87,61,7.0,light rain
182,Luganville,VU,-15.5333,167.1667,82.29,82,100,11.77,overcast clouds
183,Copiapo,CL,-27.3667,-70.3333,71.29,39,20,8.08,few clouds
184,Cap Malheureux,MU,-19.9842,57.6142,81.46,77,91,5.01,overcast clouds
185,Pevek,RU,69.7008,170.3133,-17.21,98,100,9.44,overcast clouds
186,Constitucion,CL,-35.3333,-72.4167,65.46,76,57,7.25,broken clouds
187,Indiaroba,BR,-11.5192,-37.5117,80.02,81,100,7.99,overcast clouds
188,Dingle,PH,10.9995,122.6711,73.98,94,96,6.51,overcast clouds
189,Bambous Virieux,MU,-20.3428,57.7575,81.21,94,75,11.5,broken clouds
190,Luchegorsk,RU,46.4764,134.2569,-10.62,100,88,0.81,overcast clouds
191,Santa Maria,BR,-29.6842,-53.8069,78.4,26,0,4.97,clear sky
192,Hasaki,JP,35.7333,140.8333,36.0,81,100,31.65,overcast clouds
193,Oranjestad,AW,12.524,-70.027,80.55,74,20,19.57,few clouds
194,Narasannapeta,IN,18.4167,84.05,64.33,57,10,5.46,clear sky
195,Dunedin,NZ,-45.8742,170.5036,57.56,67,3,3.11,clear sky
196,Bang Krathum,TH,16.5783,100.3003,81.9,64,85,4.47,overcast clouds
197,Ivolginsk,RU,51.7492,107.2837,-29.54,68,87,2.24,overcast clouds
198,Tongliao,CN,43.6125,122.2653,1.42,94,100,10.29,overcast clouds
199,Byron Bay,AU,-28.65,153.6167,73.87,84,74,5.41,broken clouds
200,Ostrovnoy,RU,68.0531,39.5131,18.73,65,100,21.88,overcast clouds
201,Alyangula,AU,-13.8483,136.4192,82.92,68,24,11.83,few clouds
202,Faanui,PF,-16.4833,-151.75,80.76,74,100,14.63,light rain
203,Bada,RU,51.392,109.8717,-21.15,99,35,2.21,scattered clouds
204,Ilulissat,GL,69.2167,-51.1,15.82,79,40,25.32,scattered clouds
205,Mayskiy,RU,47.6931,40.1025,31.44,79,4,3.71,clear sky
206,Dhidhdhoo,MV,6.8833,73.1,78.46,80,100,4.5,overcast clouds
207,Hamilton,US,39.1834,-84.5333,29.41,70,100,9.22,overcast clouds
208,Tahe,CN,52.3333,124.7333,-3.41,99,100,2.84,overcast clouds
209,Alterosa,BR,-21.2492,-46.1431,71.04,82,77,1.61,broken clouds
210,Manubul,PH,5.4732,120.7986,81.72,76,99,9.86,overcast clouds
211,Xiongzhou,CN,25.1167,114.3,45.45,93,100,3.98,overcast clouds
212,Inuvik,CA,68.3499,-133.7218,-17.09,96,100,4.79,overcast clouds
213,Dongsheng,CN,39.8161,109.9776,7.86,62,79,1.54,broken clouds
214,Kaoma,ZM,-14.7833,24.8,63.7,94,23,4.21,few clouds
215,Mayo,US,38.8876,-76.5119,35.37,74,100,6.91,overcast clouds
216,Kodiak,US,57.79,-152.4072,36.91,70,0,6.91,clear sky
217,Berlevag,NO,70.8578,29.0864,22.95,86,75,23.02,light shower snow
218,Bandarbeyla,SO,9.4942,50.8122,74.41,67,31,14.99,scattered clouds
219,Pietarsaari,FI,63.65,22.6833,35.73,92,100,14.52,overcast clouds
220,Sao Filipe,CV,14.8961,-24.4956,74.35,64,55,11.45,broken clouds
221,Japura,ID,-0.3167,102.35,73.11,97,100,0.83,overcast clouds
222,Toamasina,MG,-18.1667,49.3833,77.47,85,41,2.39,light rain
223,Coquimbo,CL,-29.9533,-71.3436,69.53,64,0,12.66,clear sky
224,Sosua,DO,19.7667,-70.5167,84.18,67,1,15.35,clear sky
225,Narrabri,AU,-30.3167,149.7833,71.53,62,2,1.99,clear sky
226,Wanaka,NZ,-44.7,169.15,57.11,63,0,3.0,clear sky
227,Porto Novo,BJ,6.4965,2.6036,81.48,78,11,10.29,few clouds
228,Khotyn,UA,48.4833,26.5,35.17,67,0,9.73,clear sky
229,The Valley,AI,18.217,-63.0578,77.14,73,75,17.27,broken clouds
230,North Bend,US,43.4065,-124.2243,62.24,89,96,8.3,overcast clouds
231,Erzin,TR,36.9559,36.2,45.32,78,51,2.37,broken clouds
232,Aksu,CN,41.1231,80.2644,28.08,40,11,5.28,few clouds
233,Cherskiy,RU,68.75,161.3,-23.26,97,98,7.85,overcast clouds
234,Fortuna,US,40.5982,-124.1573,74.43,100,100,6.91,overcast clouds
235,Severo-Kurilsk,RU,50.6789,156.125,23.16,68,26,11.92,scattered clouds
236,Bokoro,TD,12.3807,17.0568,76.6,13,72,9.73,broken clouds
237,Qasigiannguit,GL,68.8193,-51.1922,16.05,88,100,14.56,overcast clouds
238,Sarangani,PH,5.4033,125.4636,81.32,74,100,18.52,overcast clouds
239,Bilibino,RU,68.0546,166.4372,-32.19,100,86,2.51,overcast clouds
240,Desur,IN,12.4333,79.4833,68.81,92,11,4.61,few clouds
241,Asyut,EG,27.181,31.1837,56.91,53,0,10.16,clear sky
242,Willowmore,ZA,-33.2926,23.4895,67.55,64,71,8.23,broken clouds
243,Kununurra,AU,-15.7667,128.7333,75.18,88,4,3.44,clear sky
244,Manacapuru,BR,-3.2997,-60.6206,81.18,90,100,3.6,light rain
245,Rosetta,EG,31.4044,30.4164,55.51,71,0,10.54,clear sky
246,Makhachkala,RU,42.9764,47.5024,35.58,58,10,0.56,clear sky
247,Hun,LY,29.1268,15.9477,54.12,41,0,8.9,clear sky
248,Urdoma,RU,61.7533,48.5442,0.79,100,97,3.13,overcast clouds
249,Teguldet,RU,57.3064,88.1667,-1.12,93,66,9.42,broken clouds
250,Honghu,CN,29.8206,113.4621,39.51,84,2,2.44,clear sky
251,Yulara,AU,-25.2406,130.9889,69.64,37,1,5.75,clear sky
252,Isangel,VU,-19.55,169.2667,83.25,76,83,9.73,broken clouds
253,Tessalit,ML,20.1986,1.0114,65.98,17,14,9.19,few clouds
254,Puerto Baquerizo Moreno,EC,-0.9,-89.6,81.59,74,40,13.8,scattered clouds
255,Inta,RU,66.0317,60.1659,3.6,85,97,5.68,overcast clouds
256,Praia,CV,14.9215,-23.5087,72.14,78,0,17.27,clear sky
257,Sri Aman,MY,1.2376,111.4621,72.61,99,97,2.01,overcast clouds
258,Gohpur,IN,26.8833,93.6333,54.66,72,0,2.39,clear sky
259,New Plymouth,NZ,-39.0667,174.0833,64.56,68,53,1.99,broken clouds
260,Te Anau,NZ,-45.4167,167.7167,57.87,62,38,0.38,scattered clouds
261,Kalmunai,LK,7.4167,81.8167,76.06,83,99,7.96,overcast clouds
262,Skagen,DK,57.7209,10.5839,40.08,76,100,17.47,overcast clouds
263,Klaksvik,FO,62.2266,-6.589,34.72,70,100,30.11,overcast clouds
264,San Quintin,MX,30.4833,-115.95,75.22,24,4,10.45,clear sky
265,Miles City,US,46.4083,-105.8406,53.51,32,0,18.41,clear sky
266,Moranbah,AU,-22.0016,148.0466,74.23,67,22,21.97,few clouds
267,Kasongo-Lunda,CD,-6.4667,16.8167,71.2,95,100,0.45,light rain
268,Samana,DO,19.2056,-69.3369,80.56,78,0,9.19,clear sky
269,Roald,NO,62.5833,6.1333,39.11,100,75,14.97,broken clouds
270,Srednekolymsk,RU,67.45,153.6833,-34.1,99,22,6.22,few clouds
271,Sobolevo,RU,54.4299,31.8996,22.75,85,66,12.64,broken clouds
272,Ouesso,CG,1.6136,16.0517,76.5,31,100,0.92,overcast clouds
273,Nouakchott,MR,18.0858,-15.9785,67.93,58,100,8.63,overcast clouds
274,Sinazongwe,ZM,-17.2614,27.4618,75.63,73,36,2.57,scattered clouds
275,Sioux Lookout,CA,50.1001,-91.917,1.69,77,100,5.99,overcast clouds
276,Mopti,ML,14.6667,-4.0,73.72,13,16,9.35,few clouds
277,Linxia,CN,35.6003,103.2064,12.11,80,56,3.56,broken clouds
278,Verkh-Usugli,RU,52.7,115.1667,-22.38,98,45,3.04,scattered clouds
279,Solhan,TR,38.9634,41.0293,23.63,61,100,7.63,overcast clouds
280,Kudahuvadhoo,MV,2.6708,72.8944,80.85,79,100,10.04,overcast clouds
281,Luanda,AO,-8.8368,13.2343,77.38,85,100,2.46,overcast clouds
282,Sola,VU,-13.8833,167.55,82.15,77,100,19.26,overcast clouds
283,Ayan,RU,56.45,138.1667,-9.56,83,5,6.67,clear sky
284,Hutchinson,US,38.0608,-97.9298,44.31,26,0,4.61,clear sky
285,Moindou,NC,-21.6924,165.677,89.55,74,100,2.62,overcast clouds
286,Lagarto,BR,-10.9172,-37.65,80.89,77,81,11.7,broken clouds
287,Proletarsk,RU,46.7031,41.7192,31.95,64,0,3.44,clear sky
288,Atikokan,CA,48.7555,-91.6216,2.12,79,100,5.84,overcast clouds
289,Arlit,NE,18.7369,7.3853,67.96,12,0,5.37,clear sky
290,Ulladulla,AU,-35.35,150.4667,67.08,62,100,7.58,overcast clouds
291,Itarema,BR,-2.9248,-39.9167,79.7,78,8,14.05,clear sky
292,Melton,AU,-37.6833,144.5833,80.98,52,62,3.62,broken clouds
293,Polunochnoye,RU,60.8697,60.4153,1.85,99,97,1.41,overcast clouds
294,Tilichiki,RU,60.4667,166.1,-18.33,93,7,9.55,clear sky
295,Mahebourg,MU,-20.4081,57.7,81.25,94,75,11.5,broken clouds
296,Higashine,JP,38.4389,140.4006,23.31,95,100,2.04,overcast clouds
297,Saldanha,ZA,-33.0117,17.9442,64.63,91,0,20.56,clear sky
298,Ozinki,RU,51.1786,49.6769,18.43,95,79,11.25,broken clouds
299,Riviere-Au-Renard,CA,48.9957,-64.3971,-2.27,94,45,9.28,scattered clouds
300,Pokosnoye,RU,55.5258,101.0536,-27.56,100,73,2.51,broken clouds
301,Ghanzi,BW,-21.5667,21.7833,70.84,60,9,3.02,clear sky
302,Farrukhnagar,IN,17.0778,78.2011,64.11,53,5,7.27,clear sky
303,Kavieng,PG,-2.5744,150.7967,82.08,76,97,6.2,overcast clouds
304,Sao Felix Do Xingu,BR,-6.6447,-51.995,72.52,90,98,2.13,overcast clouds
305,South Lake Tahoe,US,38.9332,-119.9844,62.49,35,0,5.75,clear sky
306,Floro,NO,61.5996,5.0328,39.27,100,75,11.5,broken clouds
307,Rennes,FR,48.1667,-1.6667,50.04,93,100,17.27,light rain
308,Enniscorthy,IE,52.5008,-6.5578,44.17,90,82,11.18,broken clouds
309,Igarka,RU,67.4667,86.5833,-12.89,91,13,7.05,few clouds
310,Chaman,PK,30.9236,66.4512,47.39,54,100,3.69,overcast clouds
311,Vila Velha,BR,-20.3297,-40.2925,76.95,94,100,4.61,overcast clouds
312,Belton,US,38.812,-94.5319,34.84,34,0,6.91,clear sky
313,Narsaq,GL,60.9167,-46.05,25.02,89,100,5.44,overcast clouds
314,Inverell,AU,-29.7833,151.1167,69.12,66,0,1.99,clear sky
315,Bentiu,SS,9.2333,29.8333,79.18,14,4,6.04,clear sky
316,Lazaro Cardenas,MX,17.9583,-102.2,84.7,48,75,7.16,broken clouds
317,Honningsvag,NO,70.9821,25.9704,20.73,86,100,11.61,light snow
318,Balikpapan,ID,-1.2675,116.8289,76.19,94,40,3.44,scattered clouds
319,Alice Springs,AU,-23.7,133.8833,67.55,60,0,4.61,clear sky
320,Anadyr,RU,64.75,177.4833,-30.5,75,0,11.18,clear sky
321,Nanortalik,GL,60.1432,-45.2371,28.02,82,100,8.72,overcast clouds
322,Novikovo,RU,51.1537,37.8879,14.41,92,20,5.91,few clouds
323,Prince Rupert,CA,54.3161,-130.3201,50.09,66,100,11.5,light rain
324,Krasnoselkup,RU,65.7,82.4667,-1.43,93,71,13.42,broken clouds
325,Warwick,US,41.7001,-71.4162,31.39,92,100,17.27,snow
326,Nyurba,RU,63.2842,118.3319,-23.15,100,99,1.43,overcast clouds
327,Havoysund,NO,70.9963,24.6622,18.48,86,100,4.76,light snow
328,Petatlan,MX,17.5167,-101.2667,87.6,42,100,6.13,overcast clouds
329,Kavaratti,IN,10.5669,72.642,80.2,72,40,4.0,scattered clouds
330,Broome,US,42.2506,-75.833,22.01,64,40,12.66,scattered clouds
331,Longyearbyen,SJ,78.2186,15.6401,15.64,92,75,1.14,light snow
332,Lianzhou,CN,24.7811,112.3825,40.69,97,90,3.69,overcast clouds
333,Nancha,CN,47.1333,129.2667,-10.84,100,81,1.36,broken clouds
334,Fort Nelson,CA,58.8053,-122.7002,13.57,90,94,3.02,overcast clouds
335,Pandamatenga,BW,-18.5278,25.627,66.79,75,1,4.27,clear sky
336,Chipata,ZM,-13.6333,32.65,64.11,98,100,0.96,heavy intensity rain
337,Beaufort,MY,5.3473,115.7455,73.02,95,93,3.27,overcast clouds
338,Waterloo,CA,43.4668,-80.5164,15.73,84,100,4.0,overcast clouds
339,Ios,GR,36.7333,25.2833,53.06,55,90,15.01,overcast clouds
340,Egvekinot,RU,66.3167,-179.1667,-18.44,92,75,6.8,broken clouds
341,Westport,US,41.1415,-73.3579,30.79,72,100,12.66,overcast clouds
342,Kirovo-Chepetsk,RU,58.5539,50.0399,4.53,99,99,3.44,snow
343,Bac Lieu,VN,9.285,105.7244,79.05,80,16,14.41,few clouds
344,Mount Isa,AU,-20.7333,139.5,76.77,69,24,0.0,few clouds
345,Nanning,CN,22.8167,108.3167,47.46,84,0,3.33,clear sky
346,Avera,US,33.194,-82.5271,59.68,29,7,17.74,clear sky
347,Keffi,NG,8.8486,7.8736,82.13,13,72,2.64,broken clouds
348,Fare,PF,-16.7,-151.0167,81.48,73,100,15.9,light rain
349,Pajan,EC,-1.5667,-80.4167,80.53,78,89,3.27,light rain
350,Whitianga,NZ,-36.8333,175.7,71.02,60,3,3.47,clear sky
351,Kailua,US,21.4022,-157.7394,80.58,67,40,13.8,scattered clouds
352,Colac,AU,-38.3333,143.5833,67.01,52,7,2.39,clear sky
353,Mocuba,MZ,-16.8392,36.9856,72.3,99,90,1.16,light rain
354,Tsukumi,JP,33.0706,131.8572,42.3,79,100,15.01,overcast clouds
355,Bilma,NE,18.6853,12.9164,68.16,11,0,7.45,clear sky
356,Norman Wells,CA,65.282,-126.8329,-2.99,92,100,7.14,overcast clouds
357,Aykhal,RU,66.0,111.5,-8.3,50,42,1.32,scattered clouds
358,Portland,US,45.5234,-122.6762,66.06,43,20,9.22,few clouds
359,Mayumba,GA,-3.432,10.6554,77.47,88,96,2.17,moderate rain
360,Altus,US,34.6381,-99.334,63.91,16,0,5.75,clear sky
361,Barhi,IN,23.9,80.8,53.65,41,1,4.12,clear sky
362,Tome,CL,-36.6167,-72.95,61.41,85,73,8.81,broken clouds
363,Husavik,IS,66.0449,-17.3389,-7.69,78,69,14.09,broken clouds
364,Yining,CN,29.0361,114.5636,39.42,89,55,1.19,broken clouds
365,Son La,VN,21.3167,103.9,55.63,93,99,3.11,overcast clouds
366,Mar Del Plata,AR,-38.0023,-57.5575,69.82,64,0,8.05,clear sky
367,Nevel,RU,56.0209,29.9284,24.96,84,95,10.87,overcast clouds
368,Araguacu,BR,-12.9306,-49.8264,71.87,95,95,2.28,overcast clouds
369,Seoul,KR,37.5683,126.9778,31.44,76,43,2.08,scattered clouds
370,Paramonga,PE,-10.6667,-77.8333,74.44,74,7,10.8,clear sky
371,Vanimo,PG,-2.6741,141.3028,78.01,89,100,3.67,overcast clouds
372,Sudislavl,RU,57.8817,41.7083,28.0,97,100,7.78,light snow
373,Cururupu,BR,-1.8283,-44.8683,74.8,91,51,3.24,broken clouds
374,Bagula,IN,23.3167,88.65,59.2,54,0,6.4,clear sky
375,Bukachacha,RU,52.9833,116.9167,-17.9,98,87,3.71,overcast clouds
376,La Orilla,MX,17.9833,-102.2333,84.79,48,69,7.25,broken clouds
377,Powell,US,40.1578,-83.0752,23.61,64,75,6.91,broken clouds
378,Birjand,IR,32.8663,59.2211,41.36,64,0,5.7,clear sky
379,Sompeta,IN,18.9333,84.6,64.81,53,21,4.99,few clouds
380,Port Lincoln,AU,-34.7333,135.8667,66.97,82,96,10.09,overcast clouds
381,Rakek,SI,45.8133,14.3111,33.67,87,49,10.0,scattered clouds
382,Grand-Santi,GF,4.25,-54.3833,73.78,98,40,3.04,scattered clouds
383,Muroto,JP,33.2833,134.15,48.56,69,100,19.82,light rain
384,Huarmey,PE,-10.0681,-78.1522,75.74,72,9,11.21,clear sky
385,Alofi,NU,-19.0595,-169.9187,80.8,74,100,12.39,overcast clouds
386,Sovetskiy,RU,61.3614,63.5842,-12.89,100,83,2.75,broken clouds
387,Sarahan,IN,31.5167,77.8,30.15,47,18,10.8,few clouds
388,Foshan,CN,23.0268,113.1315,53.1,70,55,10.54,broken clouds
389,Lata,PT,40.1629,-8.3327,53.82,92,65,6.33,broken clouds
390,Ubinskoye,RU,55.3068,79.6802,25.11,96,100,13.0,light snow
391,Mandera,KE,3.9366,41.867,82.8,22,100,9.53,overcast clouds
392,Saint-Georges,GD,12.0564,-61.7485,78.13,71,19,15.52,few clouds
393,Pouembout,NC,-21.1333,164.9,83.91,71,100,3.6,overcast clouds
394,Ilo,PE,-17.6394,-71.3375,73.18,73,24,8.77,few clouds
395,Boden,SE,65.8252,21.6886,15.8,89,100,9.04,overcast clouds
396,Buraydah,SA,26.326,43.975,53.26,29,0,6.42,clear sky
397,Dongobesh,TZ,-4.0667,35.3833,58.41,86,99,1.79,light rain
398,Kandrian,PG,-6.2167,149.55,79.29,83,97,3.04,overcast clouds
399,Storforshei,NO,66.4043,14.5233,19.18,100,40,4.61,scattered clouds
400,Huilong,CN,31.8111,121.655,41.04,84,0,9.1,clear sky
401,Chiredzi,ZW,-21.05,31.6667,70.95,52,0,2.19,clear sky
402,Walvis Bay,NA,-22.9575,14.5053,74.08,81,5,6.17,light rain
403,Henderson,US,36.0397,-114.9819,74.75,13,0,8.05,clear sky
404,Butembo,CD,0.15,29.2833,62.51,61,70,3.44,broken clouds
405,College,US,64.8569,-147.8028,15.21,81,100,4.61,mist
406,Grand Gaube,MU,-20.0064,57.6608,81.37,77,91,8.01,overcast clouds
407,Pochutla,MX,15.7432,-96.4661,88.83,50,70,7.78,broken clouds
408,Mantua,IT,45.1667,10.7833,41.7,71,31,4.0,scattered clouds
409,Riviere-Du-Loup,CA,47.8304,-69.5342,-6.59,87,96,3.06,overcast clouds
410,Burns Lake,CA,54.2331,-125.7533,36.81,89,100,3.02,overcast clouds
411,Manaus,BR,-3.1019,-60.025,81.1,89,75,4.61,broken clouds
412,Luwuk,ID,-0.9516,122.7875,76.57,85,100,3.87,overcast clouds
413,Maroslele,HU,46.2667,20.35,29.21,68,7,7.11,clear sky
414,Alblasserdam,NL,51.8599,4.6632,53.06,71,100,13.0,overcast clouds
415,Puerto Escondido,MX,15.85,-97.0667,86.45,51,76,6.22,broken clouds
416,Kaohsiung,TW,22.6163,120.3133,65.03,85,100,5.01,overcast clouds
417,Gore,NZ,-46.1028,168.9436,59.23,63,15,1.5,few clouds
418,Bosaso,SO,11.2842,49.1816,72.73,73,36,2.1,scattered clouds
419,Tatishchevo,RU,51.6703,45.5953,24.48,94,82,10.69,broken clouds
420,San Rafael,AR,-34.6177,-68.3301,87.4,15,5,12.55,clear sky
421,Hami,CN,42.8,93.45,25.21,48,37,4.61,scattered clouds
422,Hemnesberget,NO,66.2333,13.6333,30.67,99,91,2.73,overcast clouds
423,Lagoa,PT,39.05,-27.9833,56.57,59,85,4.94,overcast clouds
424,Dubbo,AU,-32.25,148.6167,68.13,64,100,14.97,overcast clouds
425,Palasa,IN,18.7667,84.4167,63.12,55,21,4.61,few clouds
426,Katsuura,JP,35.1333,140.3,39.22,96,100,27.45,heavy intensity rain
427,Olafsvik,IS,64.8945,-23.7142,31.6,84,100,12.06,snow
428,Mehamn,NO,71.0357,27.8492,22.91,93,75,17.27,light snow
429,Bengkulu,ID,-3.8004,102.2655,75.52,89,99,3.94,light rain
430,Krasnoye,UA,49.9145,24.6134,29.55,59,8,7.49,clear sky
431,Menongue,AO,-14.6585,17.691,62.69,93,97,2.62,overcast clouds
432,Sao Miguel Do Araguaia,BR,-13.275,-50.1628,72.72,93,88,5.23,overcast clouds
433,Goderich,CA,43.7501,-81.7165,15.91,83,100,10.11,overcast clouds
434,Ucluelet,CA,48.9329,-125.5528,52.09,64,99,1.99,overcast clouds
435,Tezu,IN,27.9167,96.1667,52.41,43,0,5.06,clear sky
436,Sisimiut,GL,66.9395,-53.6735,2.07,95,100,26.8,overcast clouds
437,Balaipungut,ID,1.05,101.2833,73.04,97,97,1.32,overcast clouds
438,Talara,PE,-4.5772,-81.2719,81.36,57,0,12.66,clear sky
439,Natal,BR,-5.795,-35.2094,83.05,78,20,10.36,few clouds
440,Ponta Delgada,PT,37.7333,-25.6667,60.49,58,75,4.61,broken clouds
441,Marieville,CA,45.4334,-73.1658,7.88,58,86,5.01,overcast clouds
442,Mapiri,BO,-15.25,-68.1667,71.92,85,100,0.47,overcast clouds
443,Pangnirtung,CA,66.1451,-65.7125,-35.3,96,94,5.23,overcast clouds
444,Geraldton,AU,-28.7667,114.6,73.81,83,75,4.61,broken clouds
445,Senanga,ZM,-16.1167,23.2667,69.1,78,44,2.39,scattered clouds
446,Laguna,US,38.421,-121.4238,80.44,37,0,1.99,clear sky
447,Bereda,ES,43.2686,-7.5406,47.91,98,93,7.09,overcast clouds
448,Altay,CN,47.8667,88.1167,6.04,72,78,6.64,broken clouds
449,Cabedelo,BR,-6.9811,-34.8339,80.47,77,9,11.27,clear sky
450,Rio Tercero,AR,-32.173,-64.1141,75.79,42,0,7.76,clear sky
451,Udachnyy,RU,66.4167,112.4,-22.11,93,74,1.83,broken clouds
452,Vikarabad,IN,17.3333,77.9,63.99,36,5,7.56,clear sky
453,Vila,PT,42.0304,-8.1588,40.08,93,93,6.51,light rain
454,Malpe,IN,13.35,74.7167,76.3,88,8,3.22,clear sky
455,Kosh-Agach,RU,50.0,88.6667,-22.16,99,64,2.89,broken clouds
456,Acarau,BR,-2.8856,-40.12,79.93,79,10,15.48,clear sky
457,Chara,RU,56.9064,118.2631,-25.6,83,71,1.14,broken clouds
458,Denpasar,ID,-8.65,115.2167,78.46,94,40,1.14,scattered clouds
459,Maralal,KE,1.0968,36.698,61.03,61,70,4.59,broken clouds
460,Ekhabi,RU,53.5102,142.9671,-14.21,97,16,9.17,few clouds
461,Saint-Joseph,RE,-21.3667,55.6167,77.38,85,19,11.39,few clouds
462,Tacna,PE,-18.0056,-70.2483,70.0,60,40,9.22,scattered clouds
463,Borogontsy,RU,62.6683,131.1683,-40.49,100,51,2.48,broken clouds
464,Naze,JP,28.3667,129.4833,58.12,88,100,20.04,light rain
465,Beloha,MG,-25.1667,45.05,74.93,88,17,10.98,few clouds
466,Nhulunbuy,AU,-12.2333,136.7667,83.01,74,6,6.91,clear sky
467,Oktyabrskoye,RU,43.0645,44.7417,28.54,86,15,11.18,few clouds
468,Kortkeros,RU,61.8106,51.5806,19.4,100,100,3.33,overcast clouds
469,Magistralnyy,RU,56.1725,107.4458,-31.54,100,65,2.17,broken clouds
470,Vestmanna,FO,62.1564,-7.1664,32.92,64,100,13.8,overcast clouds
471,Honiara,SB,-9.4333,159.95,82.65,76,85,4.54,overcast clouds
472,Grand-Lahou,CI,5.1367,-5.0242,78.1,87,100,2.08,light rain
473,Antequera,ES,37.0194,-4.5612,52.95,86,100,2.04,overcast clouds
474,Novaya Bryan,RU,51.7159,108.2691,-30.23,100,86,1.99,overcast clouds
475,Dubovka,RU,49.0583,44.829,16.75,89,7,12.19,clear sky
476,Artyom,AZ,40.4723,50.333,41.14,61,81,14.43,broken clouds
477,Dogondoutchi,NE,13.6393,4.0287,76.06,10,1,8.21,clear sky
478,Amapa,BR,1.0,-52.0,73.51,97,90,3.53,moderate rain
479,Praia Da Vitoria,PT,38.7333,-27.0667,55.76,69,98,6.35,overcast clouds
480,Ancud,CL,-41.8697,-73.8203,77.23,75,13,4.68,few clouds
481,Taoudenni,ML,22.6783,-3.9836,63.55,24,0,11.03,clear sky
482,Bend,US,44.0582,-121.3153,64.58,25,13,4.0,few clouds
483,Beyneu,KZ,45.3167,55.2,31.08,70,100,16.96,overcast clouds
484,Araucaria,BR,-25.5931,-49.4103,75.49,73,43,5.46,light rain
485,Villa Maria,AR,-32.4075,-63.2402,80.78,28,0,4.88,clear sky
486,Nara,JP,34.6851,135.8049,43.88,60,100,2.53,overcast clouds
487,Rocha,UY,-34.4833,-54.3333,63.09,62,4,10.0,clear sky
488,Laredo,US,27.5064,-99.5075,66.2,17,0,5.75,clear sky
489,Nerchinskiy Zavod,RU,51.3088,119.61,-20.83,100,98,2.33,overcast clouds
490,Port Antonio,JM,18.18,-76.4612,81.95,68,5,8.25,clear sky
491,Acapulco,MX,16.8634,-99.8901,87.62,62,40,4.61,scattered clouds
492,Raudeberg,NO,61.9875,5.1352,38.07,95,100,4.0,light rain
493,Touros,BR,-5.1989,-35.4608,83.3,76,8,12.95,clear sky
494,Buala,SB,-8.145,159.5921,80.82,82,96,7.34,light rain
495,Berbera,SO,10.4396,45.0143,74.26,70,78,6.02,broken clouds
496,Baruun-Urt,MN,46.6806,113.2792,-18.22,99,69,1.68,broken clouds
497,Wajir,KE,1.7471,40.0573,81.86,41,79,18.25,broken clouds
498,Dauphin,CA,51.1494,-100.0502,5.14,78,100,9.22,overcast clouds
499,Youkounkoun,GN,12.5333,-13.1333,78.87,13,18,5.01,few clouds
500,Necochea,AR,-38.5473,-58.7368,66.07,46,0,5.99,clear sky
501,Coihaique,CL,-45.5752,-72.0662,73.96,46,100,7.31,overcast clouds
502,Jiexiu,CN,37.0244,111.9125,28.72,32,39,5.59,scattered clouds
503,Porto Walter,BR,-8.2686,-72.7439,79.0,84,94,3.56,light rain
504,Gushikawa,JP,26.3544,127.8686,65.43,88,75,14.97,light rain
505,Perth,AU,-31.9333,115.8333,75.38,61,0,11.5,clear sky
506,Sharjah,AE,25.3573,55.4033,64.38,51,20,6.91,few clouds
507,Preobrazheniye,RU,42.9019,133.9064,15.48,52,81,4.92,broken clouds
508,Christchurch,NZ,-43.5333,172.6333,62.02,82,100,8.05,overcast clouds
509,Oudtshoorn,ZA,-33.5907,22.2014,64.76,76,11,5.14,few clouds
510,Iqaluit,CA,63.7506,-68.5145,-14.31,68,100,6.91,light snow
511,Ozuluama,MX,21.6667,-97.85,59.88,37,89,6.55,overcast clouds
512,Naifaru,MV,5.4444,73.3657,80.78,76,98,8.1,overcast clouds
513,Tabas,IR,33.5959,56.9244,47.82,46,0,9.35,clear sky
514,Lisala,CD,2.15,21.5167,75.74,32,50,2.15,scattered clouds
515,Marakkanam,IN,12.2,79.95,75.07,78,12,8.3,few clouds
516,Grivenskaya,RU,45.6473,38.176,32.5,70,1,9.24,clear sky
517,Bud,US,39.447,-86.1758,23.18,76,100,10.65,light snow
518,Comodoro Rivadavia,AR,-45.8667,-67.5,67.86,64,20,18.41,few clouds
519,Miyako,JP,39.6367,141.9525,31.95,59,88,4.47,overcast clouds
520,Nuuk,GL,64.1835,-51.7216,7.41,85,100,4.61,light snow
521,Salym,RU,60.0625,71.4789,3.02,97,100,3.78,light snow
522,Varhaug,NO,58.6147,5.6457,42.89,94,100,19.37,light rain
523,Half Moon Bay,US,37.4636,-122.4286,81.14,49,0,0.0,clear sky
524,Atherton,GB,53.5237,-2.4935,46.29,88,100,3.0,overcast clouds
525,Myrtle Beach,US,33.6891,-78.8867,57.18,79,75,3.44,broken clouds
526,Naryan-Mar,RU,67.6713,53.087,-1.19,99,54,8.48,broken clouds
527,Tezpur,IN,26.6333,92.8,54.63,74,0,4.32,clear sky
528,Kyra,RU,49.5776,111.9753,-23.62,99,46,3.4,scattered clouds
529,Gao,ML,16.6362,1.637,71.1,11,1,5.46,clear sky
530,Vao,NC,-22.6667,167.4833,79.74,84,100,8.66,overcast clouds
531,Sinnamary,GF,5.3833,-52.95,76.77,89,64,10.13,broken clouds
532,Roseburg,US,43.2165,-123.3417,68.5,59,0,0.0,clear sky
533,Sao Joao Da Barra,BR,-21.6403,-41.0511,76.41,89,6,10.51,clear sky
534,Richards Bay,ZA,-28.783,32.0377,75.87,92,70,5.08,broken clouds
535,Pitimbu,BR,-7.4706,-34.8086,81.16,75,7,11.86,clear sky
536,Poum,NC,-20.2333,164.0167,81.77,76,96,11.39,overcast clouds
537,Dukat,RU,62.55,155.55,-28.7,100,36,3.53,scattered clouds
538,Bunia,CD,1.5667,30.25,72.09,43,83,3.42,broken clouds
539,Yar-Sale,RU,66.8333,70.8333,-16.06,97,100,8.57,overcast clouds
540,Joensuu,FI,62.6012,29.7632,33.28,95,100,9.22,overcast clouds
541,Tomari,RU,47.7658,142.0683,19.0,86,100,8.55,overcast clouds
542,Hofn,IS,64.2539,-15.2082,21.76,62,18,10.67,few clouds
543,Bhatkal,IN,13.9667,74.5667,73.54,78,0,4.05,clear sky
544,Aksarka,RU,66.5606,67.7975,-11.42,99,100,2.3,overcast clouds
545,Nome,US,64.5011,-165.4064,-8.84,64,0,6.91,clear sky
546,Devils Lake,US,48.1128,-98.8651,17.94,80,100,10.36,overcast clouds
547,Sretensk,RU,52.2453,117.7093,-20.49,100,100,1.07,overcast clouds
548,Nioro,GM,13.35,-15.75,80.02,11,35,7.78,scattered clouds
549,Taytay,PH,14.5678,121.1394,78.06,90,96,4.56,overcast clouds
550,Senneterre,CA,48.3835,-77.2328,-3.95,86,100,2.28,overcast clouds
551,Letychiv,UA,49.3826,27.6305,29.48,68,0,11.65,clear sky
552,Sabang,ID,5.8933,95.3214,81.32,74,46,9.71,scattered clouds
553,Jinchang,CN,38.4953,102.1739,21.78,68,73,5.64,broken clouds
554,Rochegda,RU,62.8,43.25,6.96,97,100,6.62,overcast clouds
555,Santa Rosa,PH,14.3122,121.1114,78.12,87,97,6.55,overcast clouds
556,Ahome,MX,25.9167,-109.1833,85.95,17,83,12.5,broken clouds
557,Saint Anthony,US,45.0205,-93.218,9.28,54,100,12.66,overcast clouds
558,Zarubino,RU,42.63,131.0922,15.93,60,100,10.94,overcast clouds
559,Agdas,AZ,40.65,47.4761,40.87,72,96,9.17,overcast clouds
560,Tuy Hoa,VN,13.0833,109.3,73.4,93,86,4.76,overcast clouds
561,Mackenzie,CA,55.2999,-123.1698,33.31,99,100,1.16,overcast clouds
562,Saint-Pierre,RE,-21.3393,55.4781,78.48,83,0,13.8,clear sky
563,Nanfeng,CN,23.7434,111.7959,42.89,95,20,2.86,few clouds
564,Lorengau,PG,-2.0226,147.2712,81.57,78,100,2.89,overcast clouds
565,Amahai,ID,-3.3333,128.9167,76.3,88,100,1.66,overcast clouds
566,Adrar,MR,20.5022,-10.0711,64.33,20,73,10.54,broken clouds
567,Lahan,NP,26.7296,86.4951,57.36,70,0,3.33,clear sky
568,Yumen,CN,40.2833,97.2,25.88,44,96,12.93,overcast clouds
569,Asau,RO,46.4333,26.4,28.96,85,100,3.83,overcast clouds
570,Mount Pleasant,US,32.7941,-79.8626,65.17,54,20,11.5,few clouds
571,Abu Samrah,SY,35.3029,37.1841,48.4,69,0,7.07,clear sky
572,Dinar,TR,38.065,30.1656,37.36,79,58,3.06,broken clouds
573,Alexander City,US,32.944,-85.9539,50.13,20,0,9.22,clear sky
574,Leh,IN,34.1667,77.5833,0.82,86,85,1.5,overcast clouds
575,Meiktila,MM,20.8667,95.8667,60.78,41,11,4.38,few clouds
576,Ritchie,ZA,-29.038,24.6028,76.59,31,21,8.48,few clouds
577,Biltine,TD,14.5333,20.9167,73.99,10,100,13.02,overcast clouds
578,Hornepayne,CA,49.2138,-84.7705,2.48,76,100,3.49,overcast clouds
579,Garden City,US,42.3256,-83.331,21.06,79,100,4.61,overcast clouds
580,Porto Franco,BR,-6.3383,-47.3992,74.28,94,49,2.82,moderate rain
581,Soyo,AO,-6.1349,12.3689,78.76,87,98,5.57,overcast clouds
582,Hokitika,NZ,-42.7167,170.9667,60.6,49,7,1.74,clear sky
583,Wagar,SD,16.1525,36.2032,70.05,57,84,15.39,broken clouds
584,Xining,CN,36.6167,101.7667,9.28,76,9,2.37,clear sky
585,Nishihara,JP,26.1842,127.7558,65.48,88,75,26.46,light rain
586,Divnogorsk,RU,55.9594,92.3619,-17.27,100,92,2.28,overcast clouds
587,Grenaa,DK,56.4158,10.8783,41.22,83,100,1.01,overcast clouds
588,Garowe,SO,8.4054,48.4845,67.23,78,44,10.2,scattered clouds
589,Englehart,CA,47.8169,-79.8664,-4.02,90,95,1.99,overcast clouds
590,Pushkino,RU,56.0172,37.8667,29.61,86,100,10.54,light snow
591,Coahuayana,MX,18.7333,-103.6833,96.28,37,95,6.85,overcast clouds
592,Broken Hill,AU,-31.95,141.4333,82.06,28,100,16.93,overcast clouds
593,Belyy Yar,RU,53.6039,91.3903,-25.71,83,93,0.0,mist
594,Chontalpa,MX,17.7,-93.5167,66.04,96,100,16.17,overcast clouds
595,Khor,RU,47.8861,134.9464,3.11,98,100,2.82,overcast clouds
596,Manono,CD,-7.3,27.4167,69.19,96,100,2.91,light rain
597,Qandala,SO,11.472,49.8728,73.76,60,32,3.62,scattered clouds
598,Caborca,MX,30.5838,-111.101,81.14,6,6,2.91,clear sky
599,Dalby,AU,-27.1833,151.2667,70.99,64,1,4.0,clear sky
600,Zeya,RU,53.75,127.2667,-0.67,91,100,4.72,overcast clouds
601,Aurillac,FR,44.9167,2.45,47.01,81,100,18.41,overcast clouds
602,Nkowakowa,ZA,-23.8878,30.2871,71.44,51,38,3.06,scattered clouds
603,Tecoanapa,MX,16.5167,-98.75,84.69,54,68,10.74,broken clouds
604,Kismayo,SO,-0.3582,42.5454,77.16,80,52,14.72,broken clouds
605,Mandalgovi,MN,45.7625,106.2708,-7.17,84,46,7.67,scattered clouds
606,Ceyhan,TR,37.0247,35.8175,44.44,86,59,0.94,broken clouds
607,Namtsy,RU,62.7161,129.6658,-36.29,100,82,1.68,broken clouds
608,Odessa,UA,46.4775,30.7326,26.53,93,84,0.0,mist
609,Porto-Vecchio,FR,41.591,9.2795,45.93,87,0,0.0,clear sky
610,Karratha,AU,-20.7377,116.8463,84.87,59,76,5.03,broken clouds
611,Kuala Selangor,MY,3.35,101.25,75.78,90,91,5.55,overcast clouds
612,Kargil,IN,34.5667,76.1,-0.27,96,100,1.81,overcast clouds
613,Komsomolskiy,UZ,40.4272,71.7189,35.02,84,100,0.67,overcast clouds
614,Akdepe,TM,42.0551,59.3788,33.8,64,75,21.25,broken clouds
615,Hwange,ZW,-18.3693,26.5019,68.45,75,1,1.59,clear sky
616,Krasnovishersk,RU,60.4078,57.082,1.98,100,96,1.72,overcast clouds
617,Orange,US,33.7,-117.7675,90.77,22,20,9.22,few clouds
618,Tommot,RU,58.9564,126.2925,-25.94,100,100,0.83,overcast clouds
619,Formosa Do Rio Preto,BR,-11.0483,-45.1931,72.7,89,39,1.41,moderate rain
620,Goulburn,AU,-34.75,149.7167,66.65,65,100,3.69,overcast clouds
621,Dzhankoy,UA,45.7167,34.4,32.59,76,81,7.85,broken clouds
622,Petropavl,KZ,54.8753,69.1628,-5.57,100,94,3.74,overcast clouds
623,Pisco,PE,-13.7,-76.2167,73.45,64,0,20.71,clear sky
624,Vastseliina,EE,57.7303,27.2932,32.65,74,100,12.95,overcast clouds
625,Narodychi,UA,51.2029,29.0823,30.31,71,66,10.09,broken clouds
626,Talcahuano,CL,-36.7167,-73.1167,62.28,77,75,10.36,broken clouds
627,Viedma,AR,-40.8135,-62.9967,90.01,15,0,6.69,clear sky
628,Mbandaka,CD,0.0487,18.2603,71.82,87,87,4.7,overcast clouds
629,Goksun,TR,38.021,36.4973,32.95,64,78,0.56,broken clouds
630,Victor Harbor,AU,-35.5667,138.6167,75.79,86,45,7.76,scattered clouds
631,Ulaanbaatar,MN,47.9077,106.8832,-18.27,69,75,2.24,broken clouds
632,Plettenberg Bay,ZA,-34.0527,23.3716,68.36,79,39,0.63,light rain
633,Santa Cruz,BO,-17.8,-63.1667,82.45,51,90,9.22,overcast clouds
634,Boyarka,UA,50.3191,30.2973,31.05,72,0,8.95,clear sky
635,Poya,NC,-21.35,165.15,83.66,71,100,3.33,overcast clouds
636,Den Helder,NL,52.9599,4.7593,51.08,70,100,25.99,overcast clouds
637,Yaqui,MX,27.3667,-110.1667,90.16,12,90,11.63,overcast clouds
638,Utica,US,43.1009,-75.2327,20.91,73,100,9.78,overcast clouds
639,Fakel,RU,57.6325,53.0252,0.07,100,96,3.24,overcast clouds
640,Yacuiba,BO,-22.038,-63.6797,75.04,63,83,3.85,broken clouds
641,Worthington,US,40.0931,-83.018,23.67,64,75,11.5,broken clouds
642,Wladyslawowo,PL,54.7909,18.4009,37.94,68,100,14.67,overcast clouds
643,Tarancon,ES,40.0085,-3.0073,47.5,69,100,13.98,overcast clouds
644,Xinxiang,CN,35.3089,113.8672,32.61,84,9,10.07,clear sky
645,Whitehorse,CA,60.7161,-135.0538,25.02,69,100,1.01,overcast clouds
646,Bowen,AU,-20.0167,148.2333,80.64,63,21,18.54,few clouds
647,Catia La Mar,VE,10.6038,-67.0303,84.49,74,20,4.61,few clouds
648,Halmstad,SE,56.6745,12.8568,38.32,81,100,12.66,overcast clouds
649,Alta Floresta,BR,-9.8756,-56.0861,73.6,94,100,2.15,overcast clouds
650,Robertsport,LR,6.7533,-11.3686,79.54,85,18,7.85,few clouds
651,Alibag,IN,18.6411,72.8792,73.47,65,1,7.63,clear sky
652,Sultanpur,IN,26.2667,82.0667,52.05,63,0,4.05,clear sky
653,Havelock,US,34.8791,-76.9013,46.06,88,100,4.0,overcast clouds
654,Amalapuram,IN,16.5833,82.0167,66.4,83,6,3.13,clear sky
655,Kasempa,ZM,-13.4584,25.8338,62.22,91,61,1.45,broken clouds
656,La Fria,VE,8.2203,-72.2439,87.91,52,78,4.12,broken clouds
657,Yarim,YE,14.298,44.3779,51.17,62,3,1.59,clear sky
658,Tucuman,AR,-26.8241,-65.2226,78.8,41,20,4.61,few clouds
659,Pacific Grove,US,36.6177,-121.9166,85.57,59,0,5.75,clear sky
660,Rio Gallegos,AR,-51.6226,-69.2181,53.65,28,0,35.68,clear sky
661,Okato,NZ,-39.2,173.8833,63.91,68,50,12.01,scattered clouds
662,Nago,JP,26.5881,127.9761,66.27,91,100,12.73,light rain
663,Boralday,KZ,43.3578,76.8594,26.46,86,75,0.0,mist
664,Marsh Harbour,BS,26.5412,-77.0636,74.35,82,100,17.25,overcast clouds
665,Puerto Carreno,CO,6.189,-67.4859,94.46,31,48,8.25,scattered clouds
666,Ngunguru,NZ,-35.6167,174.5,68.16,61,90,8.03,overcast clouds
667,Ust-Kuyga,RU,70.0167,135.6,-14.01,92,100,6.55,overcast clouds
668,Khowst,AF,33.3833,69.8833,48.65,47,100,2.53,overcast clouds
669,Gaogou,CN,34.0175,119.1886,37.42,76,18,4.72,few clouds
670,Palmer,US,42.1584,-72.3287,29.98,62,75,10.36,broken clouds
671,Seguela,CI,7.9611,-6.6731,79.5,51,28,3.78,scattered clouds
672,Ilmajoki,FI,62.7333,22.5667,36.21,77,100,9.22,overcast clouds
673,Enshi,CN,30.3,109.4833,36.43,94,2,0.81,clear sky
674,Hella,NO,67.2,14.4333,32.14,73,40,20.71,scattered clouds
675,San Jose,US,37.3394,-121.895,82.36,38,20,4.61,few clouds
676,Barra Do Corda,BR,-5.5,-45.25,75.22,93,99,2.35,moderate rain
677,Xuanhua,CN,40.6103,115.0447,4.48,76,11,7.49,few clouds
678,Bida,NG,9.0833,6.0167,84.24,15,46,3.06,scattered clouds
679,Estacion Coahuila,MX,32.1939,-115.0017,87.96,8,1,10.25,clear sky
680,Eskil,TR,38.4017,33.4131,25.63,92,100,3.24,overcast clouds
681,Kuandian,CN,40.7286,124.7847,24.12,95,100,0.92,snow
682,Tandil,AR,-37.3217,-59.1332,71.94,45,0,5.48,clear sky
683,Puri,IN,19.8,85.85,59.52,58,26,6.33,scattered clouds
684,Llangefni,GB,53.2556,-4.3106,46.18,87,100,12.66,moderate rain
685,Mwingi,KE,-0.9344,38.0601,68.13,56,96,0.78,overcast clouds
686,Seymchan,RU,62.8833,152.4333,-43.49,100,71,0.56,broken clouds
687,Paka,MY,4.6374,103.4368,74.8,91,51,2.95,broken clouds
688,Gwadar,PK,25.1216,62.3254,70.56,68,81,2.95,broken clouds
689,Codrington,AU,-38.2667,141.9667,64.83,75,75,7.9,broken clouds
690,Viseu,PT,40.661,-7.9097,50.52,82,94,9.4,overcast clouds
691,Zatoka,UA,46.0725,30.4654,27.14,62,89,8.21,overcast clouds
692,Oksfjord,NO,70.2396,22.3479,18.52,88,68,4.92,broken clouds
693,Tomatlan,MX,19.9333,-105.25,91.8,28,100,10.16,overcast clouds
